{
    "name": "root",
    "gauges": {
        "PewPew.Policy.Entropy.mean": {
            "value": 1.3660539388656616,
            "min": 1.3660539388656616,
            "max": 1.4465234279632568,
            "count": 81
        },
        "PewPew.Policy.Entropy.sum": {
            "value": 68264.4453125,
            "min": 68264.4453125,
            "max": 72353.65625,
            "count": 81
        },
        "PewPew.Environment.EpisodeLength.mean": {
            "value": 94.36641221374046,
            "min": 35.94460856720827,
            "max": 101.59016393442623,
            "count": 81
        },
        "PewPew.Environment.EpisodeLength.sum": {
            "value": 49448.0,
            "min": 48652.0,
            "max": 49720.0,
            "count": 81
        },
        "PewPew.Step.mean": {
            "value": 4049879.0,
            "min": 49934.0,
            "max": 4049879.0,
            "count": 81
        },
        "PewPew.Step.sum": {
            "value": 4049879.0,
            "min": 49934.0,
            "max": 4049879.0,
            "count": 81
        },
        "PewPew.Policy.ExtrinsicValueEstimate.mean": {
            "value": -0.7135593295097351,
            "min": -0.8281846642494202,
            "max": -0.4675716161727905,
            "count": 81
        },
        "PewPew.Policy.ExtrinsicValueEstimate.sum": {
            "value": -374.61865234375,
            "min": -1074.155517578125,
            "max": -322.99127197265625,
            "count": 81
        },
        "PewPew.Environment.CumulativeReward.mean": {
            "value": -1.3500553330847325,
            "min": -1.3868319653585308,
            "max": -0.9695331390554053,
            "count": 81
        },
        "PewPew.Environment.CumulativeReward.sum": {
            "value": -707.4289945363998,
            "min": -1478.599993467331,
            "max": -635.1370033621788,
            "count": 81
        },
        "PewPew.Policy.ExtrinsicReward.mean": {
            "value": -1.3500553330847325,
            "min": -1.3868319653585308,
            "max": -0.9695331390554053,
            "count": 81
        },
        "PewPew.Policy.ExtrinsicReward.sum": {
            "value": -707.4289945363998,
            "min": -1478.599993467331,
            "max": -635.1370033621788,
            "count": 81
        },
        "PewPew.Losses.PolicyLoss.mean": {
            "value": 0.02306485883425921,
            "min": 0.020349111361429095,
            "max": 0.026757264851282037,
            "count": 81
        },
        "PewPew.Losses.PolicyLoss.sum": {
            "value": 0.11532429417129605,
            "min": 0.08518209815956651,
            "max": 0.13378632425641018,
            "count": 81
        },
        "PewPew.Losses.ValueLoss.mean": {
            "value": 0.0076378111944844325,
            "min": 0.00688341758834819,
            "max": 0.042273097376649575,
            "count": 81
        },
        "PewPew.Losses.ValueLoss.sum": {
            "value": 0.03818905597242216,
            "min": 0.03089871257543564,
            "max": 0.1690923895065983,
            "count": 81
        },
        "PewPew.Policy.LearningRate.mean": {
            "value": 0.0003,
            "min": 0.0003,
            "max": 0.0003,
            "count": 81
        },
        "PewPew.Policy.LearningRate.sum": {
            "value": 0.0014999999999999998,
            "min": 0.0012,
            "max": 0.0014999999999999998,
            "count": 81
        },
        "PewPew.Policy.Epsilon.mean": {
            "value": 0.2000000000000001,
            "min": 0.20000000000000007,
            "max": 0.2000000000000001,
            "count": 81
        },
        "PewPew.Policy.Epsilon.sum": {
            "value": 1.0000000000000004,
            "min": 0.8000000000000003,
            "max": 1.0000000000000004,
            "count": 81
        },
        "PewPew.Policy.Beta.mean": {
            "value": 0.010000000000000002,
            "min": 0.010000000000000002,
            "max": 0.010000000000000002,
            "count": 81
        },
        "PewPew.Policy.Beta.sum": {
            "value": 0.05000000000000001,
            "min": 0.04000000000000001,
            "max": 0.05000000000000001,
            "count": 81
        },
        "PewPew.IsTraining.mean": {
            "value": 1.0,
            "min": 1.0,
            "max": 1.0,
            "count": 81
        },
        "PewPew.IsTraining.sum": {
            "value": 1.0,
            "min": 1.0,
            "max": 1.0,
            "count": 81
        }
    },
    "metadata": {
        "timer_format_version": "0.1.0",
        "start_time_seconds": "1690795489",
        "python_version": "3.9.13 (tags/v3.9.13:6de2ca5, May 17 2022, 16:36:42) [MSC v.1929 64 bit (AMD64)]",
        "command_line_arguments": "C:\\Users\\draco\\AppData\\Local\\Programs\\Python\\Python39\\Scripts\\mlagents-learn pewpew_config.yaml --run-id PewPew3 --force",
        "mlagents_version": "0.30.0",
        "mlagents_envs_version": "0.30.0",
        "communication_protocol_version": "1.5.0",
        "pytorch_version": "1.7.1+cu110",
        "numpy_version": "1.21.2",
        "end_time_seconds": "1690832250"
    },
    "total": 36760.2998831,
    "count": 1,
    "self": 0.004360600003565196,
    "children": {
        "run_training.setup": {
            "total": 0.08997420000000012,
            "count": 1,
            "self": 0.08997420000000012
        },
        "TrainerController.start_learning": {
            "total": 36760.2055483,
            "count": 1,
            "self": 68.35616110065166,
            "children": {
                "TrainerController._reset_env": {
                    "total": 5.2129338999999995,
                    "count": 1,
                    "self": 5.2129338999999995
                },
                "TrainerController.advance": {
                    "total": 36686.581358699346,
                    "count": 4149417,
                    "self": 59.64568300942483,
                    "children": {
                        "env_step": {
                            "total": 35626.36110769648,
                            "count": 4149417,
                            "self": 27405.855831295234,
                            "children": {
                                "SubprocessEnvManager._take_step": {
                                    "total": 8177.476461501762,
                                    "count": 4149417,
                                    "self": 196.84108360054233,
                                    "children": {
                                        "TorchPolicy.evaluate": {
                                            "total": 7980.63537790122,
                                            "count": 4096181,
                                            "self": 7980.63537790122
                                        }
                                    }
                                },
                                "workers": {
                                    "total": 43.028814899484146,
                                    "count": 4149416,
                                    "self": 0.0,
                                    "children": {
                                        "worker_root": {
                                            "total": 36610.371181199196,
                                            "count": 4149416,
                                            "is_parallel": true,
                                            "self": 12226.764667900636,
                                            "children": {
                                                "steps_from_proto": {
                                                    "total": 0.00022799999999989495,
                                                    "count": 1,
                                                    "is_parallel": true,
                                                    "self": 8.750000000024016e-05,