{
    "name": "root",
    "gauges": {
        "PewPew.Policy.Entropy.mean": {
            "value": 1.189866542816162,
            "min": 1.1430143117904663,
            "max": 1.495256781578064,
            "count": 237
        },
        "PewPew.Policy.Entropy.sum": {
            "value": 59489.7578125,
            "min": 26740.349609375,
            "max": 75087.546875,
            "count": 237
        },
        "PewPew.Environment.EpisodeLength.mean": {
            "value": 111.10089686098655,
            "min": 76.0,
            "max": 86337.0,
            "count": 186
        },
        "PewPew.Environment.EpisodeLength.sum": {
            "value": 49551.0,
            "min": 2284.0,
            "max": 365913.0,
            "count": 186
        },
        "PewPew.Step.mean": {
            "value": 12449905.0,
            "min": 649731.0,
            "max": 12449905.0,
            "count": 237
        },
        "PewPew.Step.sum": {
            "value": 12449905.0,
            "min": 649731.0,
            "max": 12449905.0,
            "count": 237
        },
        "PewPew.Policy.ExtrinsicValueEstimate.mean": {
            "value": -0.07608725130558014,
            "min": -0.2917822301387787,
            "max": 0.8461304903030396,
            "count": 237
        },
        "PewPew.Policy.ExtrinsicValueEstimate.sum": {
            "value": -35.45665740966797,
            "min": -142.80538940429688,
            "max": 119.36935424804688,
            "count": 237
        },
        "PewPew.Environment.CumulativeReward.mean": {
            "value": 0.038712931320806256,
            "min": -0.3265700235302225,
            "max": 1502.8180689811707,
            "count": 186
        },
        "PewPew.Environment.CumulativeReward.sum": {
            "value": 17.26596736907959,
            "min": -189.11816856265068,
            "max": 2903.177963465452,
            "count": 186
        },
        "PewPew.Policy.ExtrinsicReward.mean": {
            "value": 0.038712931320806256,
            "min": -0.3265700235302225,
            "max": 1502.8180689811707,
            "count": 186
        },
        "PewPew.Policy.ExtrinsicReward.sum": {
            "value": 17.26596736907959,
            "min": -189.11816856265068,
            "max": 2903.177963465452,
            "count": 186
        },
        "PewPew.Losses.PolicyLoss.mean": {
            "value": 0.028694695859837038,
            "min": 0.01955462174179653,
            "max": 0.028694695859837038,
            "count": 237
        },
        "PewPew.Losses.PolicyLoss.sum": {
            "value": 0.1434734792991852,
            "min": 0.021298770420253278,
            "max": 0.1434734792991852,
            "count": 237
        },
        "PewPew.Losses.ValueLoss.mean": {
            "value": 0.06109683513641358,
            "min": 7.973998818973389e-05,
            "max": 0.08289659601946671,
            "count": 237
        },
        "PewPew.Losses.ValueLoss.sum": {
            "value": 0.30548417568206787,
            "min": 0.0003900401228747796,
            "max": 0.41448298009733353,
            "count": 237
        },
        "PewPew.Policy.LearningRate.mean": {
            "value": 0.0003,
            "min": 0.0003,
            "max": 0.0003,
            "count": 237
        },
        "PewPew.Policy.LearningRate.sum": {
            "value": 0.0014999999999999998,
            "min": 0.0003,
            "max": 0.0014999999999999998,
            "count": 237
        },
        "PewPew.Policy.Epsilon.mean": {
            "value": 0.2000000000000001,
            "min": 0.20000000000000007,
            "max": 0.2000000000000001,
            "count": 237
        },
        "PewPew.Policy.Epsilon.sum": {
            "value": 1.0000000000000004,
            "min": 0.20000000000000007,
            "max": 1.0000000000000004,
            "count": 237
        },
        "PewPew.Policy.Beta.mean": {
            "value": 0.010000000000000002,
            "min": 0.010000000000000002,
            "max": 0.010000000000000002,
            "count": 237
        },
        "PewPew.Policy.Beta.sum": {
            "value": 0.05000000000000001,
            "min": 0.010000000000000002,
            "max": 0.05000000000000001,
            "count": 237
        },
        "PewPew.IsTraining.mean": {
            "value": 1.0,
            "min": 1.0,
            "max": 1.0,
            "count": 237
        },
        "PewPew.IsTraining.sum": {
            "value": 1.0,
            "min": 1.0,
            "max": 1.0,
            "count": 237
        }
    },
    "metadata": {
        "timer_format_version": "0.1.0",
        "start_time_seconds": "1690855421",
        "python_version": "3.9.13 (tags/v3.9.13:6de2ca5, May 17 2022, 16:36:42) [MSC v.1929 64 bit (AMD64)]",
        "command_line_arguments": "C:\\Users\\draco\\AppData\\Local\\Programs\\Python\\Python39\\Scripts\\mlagents-learn pewpew_config.yaml --run-id PewPew5 --resume",
        "mlagents_version": "0.30.0",
        "mlagents_envs_version": "0.30.0",
        "communication_protocol_version": "1.5.0",
        "pytorch_version": "1.7.1+cu110",
        "numpy_version": "1.21.2",
        "end_time_seconds": "1690942106"
    },
    "total": 86684.4796306,
    "count": 1,
    "self": 0.02665470000647474,
    "children": {
        "run_training.setup": {
            "total": 0.09082079999999992,
            "count": 1,
            "self": 0.09082079999999992
        },
        "TrainerController.start_learning": {
            "total": 86684.3621551,
            "count": 1,
            "self": 182.0317155847879,
            "children": {
                "TrainerController._reset_env": {
                    "total": 7.741281900000001,
                    "count": 1,
                    "self": 7.741281900000001
                },
                "TrainerController.advance": {
                    "total": 86494.48914371521,
                    "count": 11899905,
                    "self": 174.09111629246036,
                    "children": {
                        "env_step": {
                            "total": 83795.98148351524,
                            "count": 11899905,
                            "self": 60942.84931240455,
                            "children": {
                                "SubprocessEnvManager._take_step": {
                                    "total": 22738.582306284985,
                                    "count": 11899905,
                                    "self": 563.8920528873314,
                                    "children": {
                                        "TorchPolicy.evaluate": {
                                            "total": 22174.690253397654,
                                            "count": 11855205,
                                            "self": 22174.690253397654
                                        }
                                    }
                                },
                                "workers": {
                                    "total": 114.54986482570565,
                                    "count": 11899904,
                                    "self": 0.0,
                                    "children": {
                                        "worker_root": {
                                            "total": 86394.42828441996,
                                            "count": 11899904,
                                            "is_parallel": true,
                                            "self": 33764.88689851277,
                                            "children": {
                                                "steps_from_proto": {
                                                    "total": 0.0002509000000001649,
                                                    "count": 1,
                                                    "is_parallel": true,
                                                    "self": 9.690000000084353e-05,