{
    "name": "root",
    "gauges": {
        "PewPew.Policy.Entropy.mean": {
            "value": 1.7334431409835815,
            "min": 1.6984333992004395,
            "max": 1.7396223545074463,
            "count": 56
        },
        "PewPew.Policy.Entropy.sum": {
            "value": 86271.734375,
            "min": 84663.5078125,
            "max": 87664.078125,
            "count": 56
        },
        "PewPew.Step.mean": {
            "value": 2799507.0,
            "min": 49848.0,
            "max": 2799507.0,
            "count": 56
        },
        "PewPew.Step.sum": {
            "value": 2799507.0,
            "min": 49848.0,
            "max": 2799507.0,
            "count": 56
        },
        "PewPew.Policy.ExtrinsicValueEstimate.mean": {
            "value": -1.698973536491394,
            "min": -2.175455093383789,
            "max": -0.6746171116828918,
            "count": 56
        },
        "PewPew.Policy.ExtrinsicValueEstimate.sum": {
            "value": -141.01480102539062,
            "min": -180.56277465820312,
            "max": -55.993221282958984,
            "count": 56
        },
        "PewPew.Policy.GailValueEstimate.mean": {
            "value": 0.2823106646537781,
            "min": 0.15610380470752716,
            "max": 0.34248730540275574,
            "count": 56
        },
        "PewPew.Policy.GailValueEstimate.sum": {
            "value": 23.431785583496094,
            "min": 12.956615447998047,
            "max": 28.76893424987793,
            "count": 56
        },
        "PewPew.Environment.EpisodeLength.mean": {
            "value": 1199.2142857142858,
            "min": 1199.1904761904761,
            "max": 1199.2142857142858,
            "count": 56
        },
        "PewPew.Environment.EpisodeLength.sum": {
            "value": 50367.0,
            "min": 49167.0,
            "max": 50367.0,
            "count": 56
        },
        "PewPew.Environment.CumulativeReward.mean": {
            "value": -22.452842703679714,
            "min": -31.60981902905873,
            "max": -14.608725299195546,
            "count": 56
        },
        "PewPew.Environment.CumulativeReward.sum": {
            "value": -920.5665508508682,
            "min": -1327.6123992204666,
            "max": -598.9577372670174,
            "count": 56
        },
        "PewPew.Policy.ExtrinsicReward.mean": {
            "value": -22.452842703679714,
            "min": -31.60981902905873,
            "max": -14.608725299195546,
            "count": 56
        },
        "PewPew.Policy.ExtrinsicReward.sum": {
            "value": -920.5665508508682,
            "min": -1327.6123992204666,
            "max": -598.9577372670174,
            "count": 56
        },
        "PewPew.Policy.GailReward.mean": {
            "value": 3.2100587730727543,
            "min": 2.8808896901403984,
            "max": 4.870981120637485,
            "count": 56
        },
        "PewPew.Policy.GailReward.sum": {
            "value": 131.61240969598293,
            "min": 118.11647729575634,
            "max": 204.58120706677437,
            "count": 56
        },
        "PewPew.Losses.PolicyLoss.mean": {
            "value": 0.022521720562751094,
            "min": 0.020548539529166493,
            "max": 0.027781667743499085,
            "count": 56
        },
        "PewPew.Losses.PolicyLoss.sum": {
            "value": 0.11260860281375547,
            "min": 0.08219415811666597,
            "max": 0.13890833871749542,
            "count": 56
        },
        "PewPew.Losses.ValueLoss.mean": {
            "value": 0.15998190740744272,
            "min": 0.12013138296703496,
            "max": 0.20525668362776436,
            "count": 56
        },
        "PewPew.Losses.ValueLoss.sum": {
            "value": 0.7999095370372136,
            "min": 0.48052553186813984,
            "max": 1.0262834181388218,
            "count": 56
        },
        "PewPew.Policy.LearningRate.mean": {
            "value": 0.0003,
            "min": 0.0003,
            "max": 0.0003,
            "count": 56
        },
        "PewPew.Policy.LearningRate.sum": {
            "value": 0.0014999999999999998,
            "min": 0.0012,
            "max": 0.0014999999999999998,
            "count": 56
        },
        "PewPew.Policy.Epsilon.mean": {
            "value": 0.2000000000000001,
            "min": 0.20000000000000007,
            "max": 0.2000000000000001,
            "count": 56
        },
        "PewPew.Policy.Epsilon.sum": {
            "value": 1.0000000000000004,
            "min": 0.8000000000000003,
            "max": 1.0000000000000004,
            "count": 56
        },
        "PewPew.Policy.Beta.mean": {
            "value": 0.010000000000000002,
            "min": 0.010000000000000002,
            "max": 0.010000000000000002,
            "count": 56
        },
        "PewPew.Policy.Beta.sum": {
            "value": 0.05000000000000001,
            "min": 0.04000000000000001,
            "max": 0.05000000000000001,
            "count": 56
        },
        "PewPew.Policy.GAILPolicyEstimate.mean": {
            "value": 0.16668138831853865,
            "min": 0.15952983727057773,
            "max": 0.24488440116246543,
            "count": 56
        },
        "PewPew.Policy.GAILPolicyEstimate.sum": {
            "value": 0.8334069415926932,
            "min": 0.7006056234240532,
            "max": 1.2244220058123272,
            "count": 56
        },
        "PewPew.Policy.GAILExpertEstimate.mean": {
            "value": 0.8087530223528544,
            "min": 0.7035258064667385,
            "max": 0.8164951431751252,
            "count": 56
        },
        "PewPew.Policy.GAILExpertEstimate.sum": {
            "value": 4.043765111764272,
            "min": 2.814103225866954,
            "max": 4.082475715875626,
            "count": 56
        },
        "PewPew.Losses.GAILLoss.mean": {
            "value": 0.47270601908365883,
            "min": 0.44302472949028016,
            "max": 0.7391248842080433,
            "count": 56
        },
        "PewPew.Losses.GAILLoss.sum": {
            "value": 2.363530095418294,
            "min": 1.8699638585249583,
            "max": 3.267583125829697,
            "count": 56
        },
        "PewPew.Policy.GAILGradMagLoss.mean": {
            "value": 0.04871585074812174,
            "min": 0.039312287637343006,
            "max": 0.17860522946963708,
            "count": 56
        },
        "PewPew.Policy.GAILGradMagLoss.sum": {
            "value": 0.2435792537406087,
            "min": 0.15724915054937202,
            "max": 0.7144209178785483,
            "count": 56
        },
        "PewPew.IsTraining.mean": {
            "value": 1.0,
            "min": 1.0,
            "max": 1.0,
            "count": 56
        },
        "PewPew.IsTraining.sum": {
            "value": 1.0,
            "min": 1.0,
            "max": 1.0,
            "count": 56
        }
    },
    "metadata": {
        "timer_format_version": "0.1.0",
        "start_time_seconds": "1692859875",
        "python_version": "3.9.13 (tags/v3.9.13:6de2ca5, May 17 2022, 16:36:42) [MSC v.1929 64 bit (AMD64)]",
        "command_line_arguments": "C:\\Users\\draco\\AppData\\Local\\Programs\\Python\\Python39\\Scripts\\mlagents-learn pewpew_config.yaml --run-id PewPew11 --initialize-from=PewPew10 --force",
        "mlagents_version": "0.30.0",
        "mlagents_envs_version": "0.30.0",
        "communication_protocol_version": "1.5.0",
        "pytorch_version": "1.7.1+cu110",
        "numpy_version": "1.21.2",
        "end_time_seconds": "1692912495"
    },
    "total": 52619.9558939,
    "count": 1,
    "self": 0.005077299996628426,
    "children": {
        "run_training.setup": {
            "total": 0.11099459999999972,
            "count": 1,
            "self": 0.11099459999999972
        },
        "TrainerController.start_learning": {
            "total": 52619.839822,
            "count": 1,