{
    "name": "root",
    "gauges": {
        "PewPew.Policy.Entropy.mean": {
            "value": 1.0846260786056519,
            "min": 1.0846260786056519,
            "max": 1.4178718328475952,
            "count": 66
        },
        "PewPew.Policy.Entropy.sum": {
            "value": 10828.90625,
            "min": 10828.90625,
            "max": 14224.1845703125,
            "count": 66
        },
        "PewPew.Step.mean": {
            "value": 659969.0,
            "min": 9976.0,
            "max": 659969.0,
            "count": 66
        },
        "PewPew.Step.sum": {
            "value": 659969.0,
            "min": 9976.0,
            "max": 659969.0,
            "count": 66
        },
        "PewPew.Policy.ExtrinsicValueEstimate.mean": {
            "value": 0.9488481283187866,
            "min": 0.13082239031791687,
            "max": 1.0265196561813354,
            "count": 66
        },
        "PewPew.Policy.ExtrinsicValueEstimate.sum": {
            "value": 352.97149658203125,
            "min": 65.93448638916016,
            "max": 361.2694091796875,
            "count": 66
        },
        "PewPew.Environment.EpisodeLength.mean": {
            "value": 30.697160883280755,
            "min": 19.58230452674897,
            "max": 37.37692307692308,
            "count": 66
        },
        "PewPew.Environment.EpisodeLength.sum": {
            "value": 9731.0,
            "min": 9517.0,
            "max": 9805.0,
            "count": 66
        },
        "PewPew.Environment.CumulativeReward.mean": {
            "value": 1.5153746247480187,
            "min": 0.5323585499807731,
            "max": 1.7904676979550949,
            "count": 66
        },
        "PewPew.Environment.CumulativeReward.sum": {
            "value": 478.8583814203739,
            "min": 258.193896740675,
            "max": 498.45154771208763,
            "count": 66
        },
        "PewPew.Policy.ExtrinsicReward.mean": {
            "value": 1.5153746247480187,
            "min": 0.5323585499807731,
            "max": 1.7904676979550949,
            "count": 66
        },
        "PewPew.Policy.ExtrinsicReward.sum": {
            "value": 478.8583814203739,
            "min": 258.193896740675,
            "max": 498.45154771208763,
            "count": 66
        },
        "PewPew.Losses.PolicyLoss.mean": {
            "value": 0.23689561702465003,
            "min": 0.23689561702465003,
            "max": 0.2529506704890166,
            "count": 66
        },
        "PewPew.Losses.PolicyLoss.sum": {
            "value": 19.662336213045954,
            "min": 19.662336213045954,
            "max": 21.04280239439721,
            "count": 66
        },
        "PewPew.Losses.ValueLoss.mean": {
            "value": 1.5656763579168538,
            "min": 0.732351563536454,
            "max": 1.6358571289225254,
            "count": 66
        },
        "PewPew.Losses.ValueLoss.sum": {
            "value": 129.95113770709887,
            "min": 62.24988290059859,
            "max": 135.7761417005696,
            "count": 66
        },
        "PewPew.Policy.LearningRate.mean": {
            "value": 3.450496549510001e-05,
            "min": 3.450496549510001e-05,
            "max": 9.949345580066235e-05,
            "count": 66
        },
        "PewPew.Policy.LearningRate.sum": {
            "value": 0.0028639121360933004,
            "min": 0.0028639121360933004,
            "max": 0.0084569437430563,
            "count": 66
        },
        "PewPew.Policy.Epsilon.mean": {
            "value": 0.1345049,
            "min": 0.1345049,
            "max": 0.19949345529411766,
            "count": 66
        },
        "PewPew.Policy.Epsilon.sum": {
            "value": 11.163906700000002,
            "min": 11.163906700000002,
            "max": 16.9569437,
            "count": 66
        },
        "PewPew.Policy.Beta.mean": {
            "value": 0.0002135789099999999,
            "min": 0.0002135789099999999,
            "max": 0.000597011386235294,
            "count": 66
        },
        "PewPew.Policy.Beta.sum": {
            "value": 0.017727049529999993,
            "min": 0.017727049529999993,
            "max": 0.05074596782999999,
            "count": 66
        },
        "PewPew.IsTraining.mean": {
            "value": 1.0,
            "min": 1.0,
            "max": 1.0,
            "count": 66
        },
        "PewPew.IsTraining.sum": {
            "value": 1.0,
            "min": 1.0,
            "max": 1.0,
            "count": 66
        }
    },
    "metadata": {
        "timer_format_version": "0.1.0",
        "start_time_seconds": "1690681247",
        "python_version": "3.9.13 (tags/v3.9.13:6de2ca5, May 17 2022, 16:36:42) [MSC v.1929 64 bit (AMD64)]",
        "command_line_arguments": "C:\\Users\\draco\\AppData\\Local\\Programs\\Python\\Python39\\Scripts\\mlagents-learn pewpew_config.yaml --run-id PewPew4 --force",
        "mlagents_version": "0.30.0",
        "mlagents_envs_version": "0.30.0",
        "communication_protocol_version": "1.5.0",
        "pytorch_version": "1.7.1+cu110",
        "numpy_version": "1.21.2",
        "end_time_seconds": "1690688584"
    },
    "total": 7337.288368199999,
    "count": 1,
    "self": 0.0045098000000507454,
    "children": {
        "run_training.setup": {
            "total": 0.0814163,
            "count": 1,
            "self": 0.0814163
        },
        "TrainerController.start_learning": {
            "total": 7337.2024421,
            "count": 1,
            "self": 10.414773499631337,
            "children": {
                "TrainerController._reset_env": {
                    "total": 19.8283433,
                    "count": 1,
                    "self": 19.8283433
                },
                "TrainerController.advance": {
                    "total": 7306.8801762003695,
                    "count": 681079,
                    "self": 9.729688200486635,
                    "children": {
                        "env_step": {
                            "total": 5546.518105599913,
                            "count": 681079,
                            "self": 4212.836370600105,
                            "children": {
                                "SubprocessEnvManager._take_step": {
                                    "total": 1327.0925381997417,
                                    "count": 681079,
                                    "self": 33.01110269979176,
                                    "children": {
                                        "TorchPolicy.evaluate": {
                                            "total": 1294.08143549995,
                                            "count": 663364,
                                            "self": 1294.08143549995
                                        }
                                    }
                                },
                                "workers": {
                                    "total": 6.589196800066418,
                                    "count": 681078,
                                    "self": 0.0,
                                    "children": {
                                        "worker_root": {
                                            "total": 7305.117894100026,
                                            "count": 681078,
                                            "is_parallel": true,
                                            "self": 3575.5916019998717,
                                            "children": {
                                                "steps_from_proto": {
                                                    "total": 0.00024160000000250648,
                                                    "count": 1,
                                                    "is_parallel": true,
                                                    "self": 0.00010479999999901679,