{
    "name": "root",
    "gauges": {
        "PewPew.Policy.Entropy.mean": {
            "value": 1.3965965509414673,
            "min": 1.3965965509414673,
            "max": 1.418938398361206,
            "count": 60
        },
        "PewPew.Policy.Entropy.sum": {
            "value": 34988.93359375,
            "min": 34843.5,
            "max": 35568.52734375,
            "count": 60
        },
        "PewPew.Environment.EpisodeLength.mean": {
            "value": 29.702205882352942,
            "min": 21.553651938683497,
            "max": 32.0464807436919,
            "count": 60
        },
        "PewPew.Environment.EpisodeLength.sum": {
            "value": 24237.0,
            "min": 23903.0,
            "max": 24309.0,
            "count": 60
        },
        "PewPew.Step.mean": {
            "value": 1499996.0,
            "min": 24982.0,
            "max": 1499996.0,
            "count": 60
        },
        "PewPew.Step.sum": {
            "value": 1499996.0,
            "min": 24982.0,
            "max": 1499996.0,
            "count": 60
        },
        "PewPew.Policy.ExtrinsicValueEstimate.mean": {
            "value": -0.7860347628593445,
            "min": -0.8251676559448242,
            "max": -0.07861094176769257,
            "count": 60
        },
        "PewPew.Policy.ExtrinsicValueEstimate.sum": {
            "value": -641.4043579101562,
            "min": -791.5531616210938,
            "max": -75.29582214355469,
            "count": 60
        },
        "PewPew.Environment.CumulativeReward.mean": {
            "value": -1.0203186202721268,
            "min": -1.038719096657042,
            "max": -1.0110783472479101,
            "count": 60
        },
        "PewPew.Environment.CumulativeReward.sum": {
            "value": -832.5799941420555,
            "min": -1147.8499964475632,
            "max": -761.3419954776764,
            "count": 60
        },
        "PewPew.Policy.ExtrinsicReward.mean": {
            "value": -1.0203186202721268,
            "min": -1.038719096657042,
            "max": -1.0110783472479101,
            "count": 60
        },
        "PewPew.Policy.ExtrinsicReward.sum": {
            "value": -832.5799941420555,
            "min": -1147.8499964475632,
            "max": -761.3419954776764,
            "count": 60
        },
        "PewPew.IsTraining.mean": {
            "value": 1.0,
            "min": 1.0,
            "max": 1.0,
            "count": 60
        },
        "PewPew.IsTraining.sum": {
            "value": 1.0,
            "min": 1.0,
            "max": 1.0,
            "count": 60
        },
        "PewPew.Losses.PolicyLoss.mean": {
            "value": 0.010199935129458026,
            "min": 0.009126355613625492,
            "max": 0.01158318957436677,
            "count": 14
        },
        "PewPew.Losses.PolicyLoss.sum": {
            "value": 0.010199935129458026,
            "min": 0.009126355613625492,
            "max": 0.01158318957436677,
            "count": 14
        },
        "PewPew.Losses.ValueLoss.mean": {
            "value": 0.030452347721438854,
            "min": 0.024880922434385867,
            "max": 0.061653948738239706,
            "count": 14
        },
        "PewPew.Losses.ValueLoss.sum": {
            "value": 0.030452347721438854,
            "min": 0.024880922434385867,
            "max": 0.061653948738239706,
            "count": 14
        },
        "PewPew.Policy.LearningRate.mean": {
            "value": 3.599496801012e-05,
            "min": 3.599496801012e-05,
            "max": 4.899917200166001e-05,
            "count": 14
        },
        "PewPew.Policy.LearningRate.sum": {
            "value": 3.599496801012e-05,
            "min": 3.599496801012e-05,
            "max": 4.899917200166001e-05,
            "count": 14
        },
        "PewPew.Policy.Epsilon.mean": {
            "value": 0.17198987999999996,
            "min": 0.17198987999999996,
            "max": 0.19799834000000002,
            "count": 14
        },
        "PewPew.Policy.Epsilon.sum": {
            "value": 0.17198987999999996,
            "min": 0.17198987999999996,
            "max": 0.19799834000000002,
            "count": 14
        },
        "PewPew.Policy.Beta.mean": {
            "value": 0.00021877065199999994,
            "min": 0.00021877065199999994,
            "max": 0.00029419518599999993,
            "count": 14
        },
        "PewPew.Policy.Beta.sum": {
            "value": 0.00021877065199999994,
            "min": 0.00021877065199999994,
            "max": 0.00029419518599999993,
            "count": 14
        }
    },
    "metadata": {
        "timer_format_version": "0.1.0",
        "start_time_seconds": "1690776804",
        "python_version": "3.9.13 (tags/v3.9.13:6de2ca5, May 17 2022, 16:36:42) [MSC v.1929 64 bit (AMD64)]",
        "command_line_arguments": "C:\\Users\\draco\\AppData\\Local\\Programs\\Python\\Python39\\Scripts\\mlagents-learn pewpew_config.yaml --run-id PewPew2 --force",
        "mlagents_version": "0.30.0",
        "mlagents_envs_version": "0.30.0",
        "communication_protocol_version": "1.5.0",
        "pytorch_version": "1.7.1+cu110",
        "numpy_version": "1.21.2",
        "end_time_seconds": "1690792979"
    },
    "total": 16175.0312225,
    "count": 1,
    "self": 0.00419290000172623,
    "children": {
        "run_training.setup": {
            "total": 0.10282420000000014,
            "count": 1,
            "self": 0.10282420000000014
        },
        "TrainerController.start_learning": {
            "total": 16174.924205399999,
            "count": 1,
            "self": 25.662533999813604,
            "children": {
                "TrainerController._reset_env": {
                    "total": 4.4049894,
                    "count": 1,
                    "self": 4.4049894
                },
                "TrainerController.advance": {
                    "total": 16144.788297900184,
                    "count": 1561686,
                    "self": 23.744503101226655,
                    "children": {
                        "env_step": {
                            "total": 15341.944316099612,
                            "count": 1561686,
                            "self": 12012.488976798591,
                            "children": {
                                "SubprocessEnvManager._take_step": {
                                    "total": 3313.1130478002697,
                                    "count": 1561687,
                                    "self": 76.37615890098641,
                                    "children": {
                                        "TorchPolicy.evaluate": {
                                            "total": 3236.7368888992833,
                                            "count": 1519206,
                                            "self": 3236.7368888992833
                                        }
                                    }
                                },
                                "workers": {
                                    "total": 16.342291500750346,
                                    "count": 1561685,
                                    "self": 0.0,
                                    "children": {
                                        "worker_root": {
                                            "total": 16089.515537798847,
                                            "count": 1561685,
                                            "is_parallel": true,
                                            "self": 5267.451210698888,
                                            "children": {
                                                "steps_from_proto": {
                                                    "total": 0.0005008000000019663,
                                                    "count": 2,
                                                    "is_parallel": true,