{
    "name": "root",
    "gauges": {
        "PewPew.Policy.Entropy.mean": {
            "value": 1.3335514068603516,
            "min": 1.1884772777557373,
            "max": 1.3406689167022705,
            "count": 151
        },
        "PewPew.Policy.Entropy.sum": {
            "value": 66329.515625,
            "min": 16195.6015625,
            "max": 67611.2734375,
            "count": 151
        },
        "PewPew.Environment.EpisodeLength.mean": {
            "value": 115.75821596244131,
            "min": 72.98224852071006,
            "max": 131.97326203208556,
            "count": 151
        },
        "PewPew.Environment.EpisodeLength.sum": {
            "value": 49313.0,
            "min": 13365.0,
            "max": 50115.0,
            "count": 151
        },
        "PewPew.Step.mean": {
            "value": 19999980.0,
            "min": 12499999.0,
            "max": 19999980.0,
            "count": 151
        },
        "PewPew.Step.sum": {
            "value": 19999980.0,
            "min": 12499999.0,
            "max": 19999980.0,
            "count": 151
        },
        "PewPew.Policy.ExtrinsicValueEstimate.mean": {
            "value": -0.12390459328889847,
            "min": -0.26298463344573975,
            "max": 0.007691697683185339,
            "count": 151
        },
        "PewPew.Policy.ExtrinsicValueEstimate.sum": {
            "value": -53.031166076660156,
            "min": -169.62509155273438,
            "max": 1.3998889923095703,
            "count": 151
        },
        "PewPew.Environment.CumulativeReward.mean": {
            "value": -0.12194699545701344,
            "min": -0.3131091878480927,
            "max": 0.01426822460930923,
            "count": 151
        },
        "PewPew.Environment.CumulativeReward.sum": {
            "value": -51.94942006468773,
            "min": -205.25061544775963,
            "max": 5.3791206777095795,
            "count": 151
        },
        "PewPew.Policy.ExtrinsicReward.mean": {
            "value": -0.12194699545701344,
            "min": -0.3131091878480927,
            "max": 0.01426822460930923,
            "count": 151
        },
        "PewPew.Policy.ExtrinsicReward.sum": {
            "value": -51.94942006468773,
            "min": -205.25061544775963,
            "max": 5.3791206777095795,
            "count": 151
        },
        "PewPew.Losses.PolicyLoss.mean": {
            "value": 0.025026418074655037,
            "min": 0.019570086773795386,
            "max": 0.03023262365410725,
            "count": 151
        },
        "PewPew.Losses.PolicyLoss.sum": {
            "value": 0.10010567229862015,
            "min": 0.03023262365410725,
            "max": 0.13851320335331063,
            "count": 151
        },
        "PewPew.Losses.ValueLoss.mean": {
            "value": 0.05184489088132977,
            "min": 0.04701855946332217,
            "max": 0.09230588401357333,
            "count": 151
        },
        "PewPew.Losses.ValueLoss.sum": {
            "value": 0.20737956352531908,
            "min": 0.09230588401357333,
            "max": 0.38075288956363995,
            "count": 151
        },
        "PewPew.Policy.LearningRate.mean": {
            "value": 0.0003,
            "min": 0.0003,
            "max": 0.0003,
            "count": 151
        },
        "PewPew.Policy.LearningRate.sum": {
            "value": 0.0012,
            "min": 0.0003,
            "max": 0.0014999999999999998,
            "count": 151
        },
        "PewPew.Policy.Epsilon.mean": {
            "value": 0.20000000000000007,
            "min": 0.20000000000000007,
            "max": 0.2000000000000001,
            "count": 151
        },
        "PewPew.Policy.Epsilon.sum": {
            "value": 0.8000000000000003,
            "min": 0.20000000000000007,
            "max": 1.0000000000000004,
            "count": 151
        },
        "PewPew.Policy.Beta.mean": {
            "value": 0.010000000000000002,
            "min": 0.010000000000000002,
            "max": 0.010000000000000002,
            "count": 151
        },
        "PewPew.Policy.Beta.sum": {
            "value": 0.04000000000000001,
            "min": 0.010000000000000002,
            "max": 0.05000000000000001,
            "count": 151
        },
        "PewPew.IsTraining.mean": {
            "value": 1.0,
            "min": 1.0,
            "max": 1.0,
            "count": 151
        },
        "PewPew.IsTraining.sum": {
            "value": 1.0,
            "min": 1.0,
            "max": 1.0,
            "count": 151
        }
    },
    "metadata": {
        "timer_format_version": "0.1.0",
        "start_time_seconds": "1690942461",
        "python_version": "3.9.13 (tags/v3.9.13:6de2ca5, May 17 2022, 16:36:42) [MSC v.1929 64 bit (AMD64)]",
        "command_line_arguments": "C:\\Users\\draco\\AppData\\Local\\Programs\\Python\\Python39\\Scripts\\mlagents-learn pewpew_config.yaml --run-id PewPew5 --resume",
        "mlagents_version": "0.30.0",
        "mlagents_envs_version": "0.30.0",
        "communication_protocol_version": "1.5.0",
        "pytorch_version": "1.7.1+cu110",
        "numpy_version": "1.21.2",
        "end_time_seconds": "1691002318"
    },
    "total": 59856.475414099994,
    "count": 1,
    "self": 0.006274699997447897,
    "children": {
        "run_training.setup": {
            "total": 0.10406520000000019,
            "count": 1,
            "self": 0.10406520000000019
        },
        "TrainerController.start_learning": {
            "total": 59856.365074199995,
            "count": 1,
            "self": 115.54675149692775,
            "children": {
                "TrainerController._reset_env": {
                    "total": 6.913388599999999,
                    "count": 1,
                    "self": 6.913388599999999
                },
                "TrainerController.advance": {
                    "total": 59733.85185540307,
                    "count": 7572666,
                    "self": 107.84982820590812,
                    "children": {
                        "env_step": {
                            "total": 57929.24407169618,
                            "count": 7572666,
                            "self": 43110.33375379653,
                            "children": {
                                "SubprocessEnvManager._take_step": {
                                    "total": 14744.55054490103,
                                    "count": 7572666,
                                    "self": 357.10894870089396,
                                    "children": {
                                        "TorchPolicy.evaluate": {
                                            "total": 14387.441596200137,
                                            "count": 7513570,
                                            "self": 14387.441596200137
                                        }
                                    }
                                },
                                "workers": {
                                    "total": 74.35977299862589,
                                    "count": 7572666,
                                    "self": 0.0,
                                    "children": {
                                        "worker_root": {
                                            "total": 59702.32490309505,
                                            "count": 7572666,
                                            "is_parallel": true,
                                            "self": 21915.936871892016,
                                            "children": {
                                                "steps_from_proto": {
                                                    "total": 0.00023610000000040543,
                                                    "count": 1,
                                                    "is_parallel": true,